name,shop_type,address,housenumber,street,city,state,postcode,lat,lon,phone,website,opening_hours,services,is_transmission_specialist,osm_type,osm_id,osm_url
308 Mobile Truck Auto & Tire Repair,car_repair,"517 Platte View Drive, Ogallala, NE 69153",517,Platte View Drive,Ogallala,NE,69153,41.1278456,-101.7359911,+1-308-352-6516,https://308mobilerepair.com,24/7,,False,node,11204753627,https://www.openstreetmap.org/node/11204753627
AAMCO,car_repair,"5254 South 133rd Court, Omaha, NE 68137",5254,South 133rd Court,Omaha,NE,68137,41.2041622,-96.1227033,+1-402-983-8693,https://www.aamco-omahawest.com/,Mo-Fr 7:30-18:00,Inspection; Oil change; Transmission,False,way,184102297,https://www.openstreetmap.org/way/184102297
AAMCO,car_repair,,,,,,,41.2118269,-96.0065563,,,,Transmission,True,way,932227290,https://www.openstreetmap.org/way/932227290
AAMCO Transmissions and Total Car Care,car_repair,"3645 Adams Street, Lincoln, NE 68504",3645,Adams Street,Lincoln,NE,68504,40.8422769,-96.6682598,+1-402-281-1266,https://www.aamcolincolnne.com/,Mo-Th 07:30-17:30; Fr 07:30-17:00,Transmission,True,way,1371731765,https://www.openstreetmap.org/way/1371731765
ABC Auto Glass of Omaha,car_repair,"6823 South 36th Street, Omaha, NE 68107",6823,South 36th Street,Omaha,NE,68107,41.191035,-95.9672254,+1-402-734-9000,https://abcglassomaha.com/,Mo-Fr 09:00-19:00; Sa 10:00-16:00,,False,node,6673886026,https://www.openstreetmap.org/node/6673886026
Acutek Auto Repair,car_repair,,,,,,,40.7735984,-96.7109029,,,,,False,node,2248703130,https://www.openstreetmap.org/node/2248703130
Adams Auto Service,car_repair,"1440 North Cotner Boulevard, Lincoln, NE 68505",1440,North Cotner Boulevard,Lincoln,NE,68505,40.8277197,-96.630126,+1-402-466-2691,https://adamsautoserviceinc.com/,Mo-Fr 08:00-17:00,A/C; Alignment; Batteries; Brakes; Car Parts; General repairs; Diagnostics; Electrical; Motor; Oil change; Transmission; Transmission Repair; Tires,False,way,1280978315,https://www.openstreetmap.org/way/1280978315
AGC Repair & Welding LLC,car_repair,"580 Ashland Road, Ashland, NE 68003",580,Ashland Road,Ashland,NE,68003,41.0456405,-96.403324,+1-402-521-9519,https://agcrepair.com/,Mo-Fr 08:00-17:00,,False,node,7527818764,https://www.openstreetmap.org/node/7527818764
All Star Customs,car_repair,,,,,,,41.8598587,-103.6444038,,,,Body work; Painting,False,way,1238928223,https://www.openstreetmap.org/way/1238928223
America Glass,car_repair,"1913 Vinton Street, Omaha, NE 68108",1913,Vinton Street,Omaha,NE,68108,41.2316246,-95.9413675,,,,Glass,False,node,13354298132,https://www.openstreetmap.org/node/13354298132
American Auto Repair,car_repair,"112 South McKenna Avenue, Gretna, NE 68028",112,South McKenna Avenue,Gretna,NE,68028,41.1393141,-96.2479799,,,,,False,node,6415419933,https://www.openstreetmap.org/node/6415419933
Anderson Mazda of Lincoln Service Center,car_repair,"6500 Telluride Drive, Lincoln, NE 68521",6500,Telluride Drive,Lincoln,NE,68521,40.8773096,-96.6825509,+1-402-817-5203,,,Alignment; Batteries; Brakes; General repairs; Diagnostics; Muffler; Oil change; Tires,False,node,5203385082,https://www.openstreetmap.org/node/5203385082
Andy's Auto Service,car_repair,"3408 South 36th Street, Omaha, NE 68105",3408,South 36th Street,Omaha,NE,68105,41.2272129,-95.966571,+1 402 556 6666,,,,False,node,8732652244,https://www.openstreetmap.org/node/8732652244
Andy's Truck & Auto Repair,car_repair,,,,,,,40.6207979,-96.6320481,,,,,False,node,12128919818,https://www.openstreetmap.org/node/12128919818
Ari Auto Repair,car_repair,"1640 North Cotner Boulevard, Lincoln, NE 68505",1640,North Cotner Boulevard,Lincoln,NE,68505,40.829607,-96.6300575,+1-402-413-0303,,Mo-Sa 08:00-18:00,General repairs; Oil change,False,way,1301172740,https://www.openstreetmap.org/way/1301172740
Arnie's Ford,car_repair,,,,,,,42.230947,-97.0168181,,,,,False,node,3789965982,https://www.openstreetmap.org/node/3789965982
Ashland Auto Service & Repair,car_repair,"1309 Silver Street, Ashland, NE 68003",1309,Silver Street,Ashland,NE,68003,41.0388019,-96.3674984,+1-402-944-6044,,Mo-Fr 08:00-17:00,,False,way,804786897,https://www.openstreetmap.org/way/804786897
Atlas Auto Repair,car_repair,"4952 South 36th Street, Omaha, NE 68107-2548",4952,South 36th Street,Omaha,NE,68107-2548,41.2093369,-95.9674087,+1-402-889-0330,https://www.driveatlasauto.com/,Mo-Fr 08:30-17:30,General repairs,False,node,13808285671,https://www.openstreetmap.org/node/13808285671
Audi Omaha,car_repair,"17340 Burt Street, Omaha, NE 68118",17340,Burt Street,Omaha,NE,68118,41.2653708,-96.185811,+1-402-951-9284,,,,False,node,7087448082,https://www.openstreetmap.org/node/7087448082
Auto body Authority,car_repair,,,,,,,41.1599432,-95.9672593,,,,,False,node,4666376792,https://www.openstreetmap.org/node/4666376792
Auto Docs,car_repair,,,,,,,40.5335825,-96.6086173,,,,,False,way,761273817,https://www.openstreetmap.org/way/761273817
Auto Glass Center,car_repair,,,,,,,40.9158775,-98.3622543,,,,,False,node,3818179120,https://www.openstreetmap.org/node/3818179120
Auto Glass Solutions,car_repair,"2303 West Michigan Avenue, 68701",2303,West Michigan Avenue,,,68701,42.0214977,-97.4434029,+1-402-750-9077,http://www.autoglasssolutionsne.org/,,,False,node,13894785102,https://www.openstreetmap.org/node/13894785102
Auto MAX,car_repair,"Saint Marys Avenue, Omaha",,Saint Marys Avenue,Omaha,,,41.2546392,-95.9402699,+1-402-884-3824,,,,False,node,7198846131,https://www.openstreetmap.org/node/7198846131
Auto Specialists,car_repair,,,,,,,41.2338464,-96.0415475,,,,,False,way,267432795,https://www.openstreetmap.org/way/267432795
Auto Works Service & Repair,car_repair,,,,,,,41.8688171,-103.6759529,,,,,False,way,558040680,https://www.openstreetmap.org/way/558040680
Autoglass Now,car_repair,"2911 O Street, Lincoln, NE 68510",2911,O Street,Lincoln,NE,68510,40.8131722,-96.6793186,+1-402-904-4500,,Mo-Fr 08:00-17:00,,False,node,13714468050,https://www.openstreetmap.org/node/13714468050
Autographix,car_repair,,,,,,,41.1988043,-96.0024852,,,,,False,node,5678885592,https://www.openstreetmap.org/node/5678885592
Autographix,car_repair,"4522 South 108th Street, Omaha, NE 68137",4522,South 108th Street,Omaha,NE,68137,41.2134232,-96.0821865,+1 402 884-4090,https://autographixne.com,,,False,node,8821838090,https://www.openstreetmap.org/node/8821838090
Autographix,car_repair,"4522 South 108th Street, Omaha, NE 68137",4522,South 108th Street,Omaha,NE,68137,41.2135069,-96.0821578,+1-402-884-4090,https://autographixne.com,,,False,way,948544952,https://www.openstreetmap.org/way/948544952
Autosounds of Lincoln,car_repair,"4720 O Street, Lincoln, NE 68510",4720,O Street,Lincoln,NE,68510,40.8137849,-96.6546168,+1-402-466-4400,https://www.autosoundsoflincoln.com/,Mo-Th 09:00-18:00; Fr 09:00-17:30; Sa 09:00-16:00,,False,node,11181912843,https://www.openstreetmap.org/node/11181912843
B G & S Transmissions,car_repair,"4911 Superior Street, Lincoln, NE 68504",4911,Superior Street,Lincoln,NE,68504,40.8566552,-96.6514933,+1-402-435-3637,,Mo-Fr 07:30-17:00,Transmission; Transmission Repair,True,way,660675149,https://www.openstreetmap.org/way/660675149
B Street Collission Center,car_repair,"4633 North 35th Street, Lincoln, NE 68504",4633,North 35th Street,Lincoln,NE,68504,40.8580735,-96.6691589,,,,,False,way,1328436994,https://www.openstreetmap.org/way/1328436994
Baxter Auto Body West Dodge,car_repair,"North 177th Circle, Omaha, NE 68118",,North 177th Circle,Omaha,NE,68118,41.2671729,-96.1894202,,,,,False,way,489259597,https://www.openstreetmap.org/way/489259597
Baxter Subaru,car_repair,"17130 Burt Street, Omaha, NE 68118",17130,Burt Street,Omaha,NE,68118,41.2659336,-96.1832168,+1-402-397-8305,,,,False,node,7087448081,https://www.openstreetmap.org/node/7087448081
Baxter Volkswagen Omaha,car_repair,"17220 Burt Street, Omaha, NE 68118",17220,Burt Street,Omaha,NE,68118,41.265624,-96.1842575,+1-402-397-8200,,,,False,node,7087455808,https://www.openstreetmap.org/node/7087455808
Beed’s Auto Parts & Service,car_repair,,,,,,,41.4619898,-96.7809741,,,,Car Parts; General repairs,False,way,1085190665,https://www.openstreetmap.org/way/1085190665
Beemer Small Engine and Repair,car_repair,"Sherman Street, Beemer, NE 68716",,Sherman Street,Beemer,NE,68716,41.9303679,-96.8024291,,,,,False,node,3891188257,https://www.openstreetmap.org/node/3891188257
BG&S Transmissions,car_repair,"901 West 2nd Street, Grand Island, NE 68801",901,West 2nd Street,Grand Island,NE,68801,40.9210348,-98.3482495,,,,,True,way,549241215,https://www.openstreetmap.org/way/549241215
,tyres,"116 West 56th Street, Kearney 68847",116,West 56th Street,Kearney,,68847,40.7278703,-99.0833346,,,,,False,way,492797723,https://www.openstreetmap.org/way/492797723
Bill's Transmissions,car_repair,,,,,,,40.2024272,-98.0675968,,,,,True,node,11084421755,https://www.openstreetmap.org/node/11084421755
Blaha Auto Repair,car_repair,,,,,,,41.1362429,-95.8979508,,,,,False,way,395026278,https://www.openstreetmap.org/way/395026278
Bob's Body Shop,car_repair,"1902 West Old Lincoln Highway, Grand Island, NE 68803",1902,West Old Lincoln Highway,Grand Island,NE,68803,40.9190764,-98.3602012,,,,,False,way,549579181,https://www.openstreetmap.org/way/549579181
Brakes Plus,car_repair,"846 North Saddle Creek Road, Omaha, NE 68132",846,North Saddle Creek Road,Omaha,NE,68132,41.267112,-95.9826136,+1-402-556-7766,https://www.brakesplus.com,Mo-Fr 08:00-18:00;Sa 08:00-17:00,,False,node,1977406564,https://www.openstreetmap.org/node/1977406564
Brakes Plus,car_repair,"12110 West Dodge Road, Omaha, NE 68154",12110,West Dodge Road,Omaha,NE,68154,41.2637513,-96.1030608,+1-402-401-2343,https://www.brakesplus.com,Mo-Fr 08:00-18:00;Sa 08:00-17:00,,False,node,5649897872,https://www.openstreetmap.org/node/5649897872
Brakes Plus,car_repair,"10051 South 71st Avenue, Papillion, NE 68133",10051,South 71st Avenue,Papillion,NE,68133,41.16937,-96.02246,+1-402-401-2295,https://www.brakesplus.com,Mo-Fr 08:00-18:00;Sa 08:00-17:00,,False,node,5649897873,https://www.openstreetmap.org/node/5649897873
Brakes Plus,car_repair,"3837 North 168th Street, Omaha, NE 68116",3837,North 168th Street,Omaha,NE,68116,41.2936039,-96.1769342,+1-402-408-2003,https://www.brakesplus.com,Mo-Fr 08:00-18:00;Sa 08:00-17:00,,False,node,5649897875,https://www.openstreetmap.org/node/5649897875
Brakes Plus,car_repair,"3422 South 143rd Plaza, Omaha, NE 68144",3422,South 143rd Plaza,Omaha,NE,68144,41.226745,-96.137692,+1-402-333-4433,https://www.brakesplus.com,Mo-Fr 08:00-18:00;Sa 08:00-17:00,,False,node,5649897876,https://www.openstreetmap.org/node/5649897876
Brakes Plus,car_repair,"3907 North 90th Street, Omaha, NE 68134",3907,North 90th Street,Omaha,NE,68134,41.294621,-96.051883,+1-402-573-0033,https://www.brakesplus.com,Mo-Fr 08:00-18:00;Sa 08:00-17:00,,False,node,5649897877,https://www.openstreetmap.org/node/5649897877
Brakes Plus,car_repair,"10050 South 71st Avenue, Papillion, NE 68133",10050,South 71st Avenue,Papillion,NE,68133,41.1600959,-96.0229463,+14024012295,,,,False,node,11672123453,https://www.openstreetmap.org/node/11672123453
Brakes Plus,car_repair,,,,,,,41.1588565,-95.9443732,,,Mo-Fr 08:00-18:00; Sa 08:00-17:00,,False,way,432556212,https://www.openstreetmap.org/way/432556212
Brakes Plus,car_repair,"1510 Pine Lake Road, Lincoln, NE 68512",1510,Pine Lake Road,Lincoln,NE,68512,40.7390531,-96.6999677,+1-402-782-5200,,Mo-Fr 08:00-18:00; Sa 08:00-17:00,,False,way,1013986970,https://www.openstreetmap.org/way/1013986970
Brakes Plus,car_repair,"222 North 48th Street, Lincoln, NE 68504",222,North 48th Street,Lincoln,NE,68504,40.8151446,-96.6529422,+1-402-466-0104,https://www.brakesplus.com/stores/lincoln/ne/0406/,Mo-Fr 08:00-18:00; Sa 08:00-17:00,A/C; Alignment; Batteries; Brakes; Oil change; Tyre Rotation; Wipers,False,way,1350438602,https://www.openstreetmap.org/way/1350438602
Breitbarth One Stop,car_repair,,,,,,,42.1164475,-96.7074391,,,,,False,node,6326676935,https://www.openstreetmap.org/node/6326676935
Bstreet Collision Center,car_repair,,,,,,,41.2512313,-96.0243189,,,,,False,node,12075935959,https://www.openstreetmap.org/node/12075935959
Buchanan Service,car_repair,,,,,,,41.2593476,-95.9907188,,,,,False,node,10022890860,https://www.openstreetmap.org/node/10022890860
Bumper to Bumper Body & Paint,car_repair,,,,,,,41.8560459,-103.6664086,,,,Body work; Painting,False,way,1239267874,https://www.openstreetmap.org/way/1239267874
Burg Auto,car_repair,"Stromsburg, NE",,,Stromsburg,NE,,41.1122459,-97.5979079,,,,,False,node,1277217658,https://www.openstreetmap.org/node/1277217658
Car-Tech Auto Repair,car_repair,,,,,,,41.251664,-96.0291601,,,Mo-Fr 08:00-18:00,,False,node,12074611663,https://www.openstreetmap.org/node/12074611663
Carrol's Towing & Repair,car_repair,"1321 South Chestnut Street, North Platte, NE 69101",1321,South Chestnut Street,North Platte,NE,69101,41.1220279,-100.7598804,,,,,False,way,1291599808,https://www.openstreetmap.org/way/1291599808
Centro Mex,car_repair,"607 West 4th Street, Grand Island, NE 68801",607,West 4th Street,Grand Island,NE,68801,40.9259198,-98.3475904,,,,,False,way,549187149,https://www.openstreetmap.org/way/549187149
Certified Fleet Services Inc,car_repair,"6502 Grover Street, Omaha, NE 68106",6502,Grover Street,Omaha,NE,68106,41.2273797,-96.0137739,+1-402-731-5322,,Mo-Fr 08:00-17:00,Truck Repair,False,node,7539403247,https://www.openstreetmap.org/node/7539403247
Certified Transmission,car_repair,"7516 Pacific Street, Omaha, NE 68114",7516,Pacific Street,Omaha,NE,68114,41.2491112,-96.0297611,,,,,True,node,12074278535,https://www.openstreetmap.org/node/12074278535
Certified Transmission,car_repair,"5202 Center Street, Omaha, NE 68106",5202,Center Street,Omaha,NE,68106,41.2418564,-95.9961235,+1-402-916-1806,americanautomart.net,Mo-Fr 08:00-18:00; Sa 09:00-16:00,,True,way,806248590,https://www.openstreetmap.org/way/806248590
Chadron Express Lube,car_repair,,,,,,,42.8240267,-103.0189142,,,,Oil change,False,way,463923380,https://www.openstreetmap.org/way/463923380
Champlin Tire,tyres,"3215 South 66th Avenue Circle, Omaha, NE 68106",3215,South 66th Avenue Circle,Omaha,NE,68106,41.2292622,-96.0146787,+1-402-393-4991,,Mo-Fr 08:30-17:30,,False,way,806248559,https://www.openstreetmap.org/way/806248559
Charlie Graham Great Plains Auto Body,car_repair,"4103 Leavenworth Street, Omaha, NE 68105",4103,Leavenworth Street,Omaha,NE,68105,41.2521349,-95.9752412,+1-402-551-6000,https://greatplainsautobody.com/,Mo-Fr 07:30-17:30,Alternator; Battery Testing; Brakes; General repairs; Engine Lights Testing; Exhausts; Fluid Changes; Glass Repair; Hail Damage Repair; Oil change; Painting; Shock Absorbers; Starters; Steering; Towing; Tires; Wheels,False,way,695760267,https://www.openstreetmap.org/way/695760267
Christian Brothers,car_repair,"11319 Cumberland Drive, Papillion, NE 68046",11319,Cumberland Drive,Papillion,NE,68046,41.1487341,-96.0900293,,,,,False,node,11698507960,https://www.openstreetmap.org/node/11698507960
"Chuck's Creations, Auto Restoration & Mobile Sand Blasting",car_repair,"302 West Front Street, Alda, NE 68810",302,West Front Street,Alda,NE,68810,40.8695423,-98.4694823,+1-308-258-4013,https://chuckscreationsgrandisland.com/,"Sa-Su CLOSED, Mo-Fr 08:00-17:00",Body work; Car Parts; Glass; Painting; General repairs,False,node,13267388526,https://www.openstreetmap.org/node/13267388526
Cornhusker Express Lube,car_repair,,,,,,,41.1587973,-95.9465593,,,Mo-Sa 08:00-18:00; Su 10:00-16:00,,False,node,8870151884,https://www.openstreetmap.org/node/8870151884
Crash Champions,car_repair,,,,,,,41.2695402,-96.2368875,+1 402-763-9940,https://crashchampions.com/locations/crash-champions-elkhorn,,Body work,False,node,4061081275,https://www.openstreetmap.org/node/4061081275
Crash Champions Collision Repair,car_repair,,,,,,,41.1597484,-95.9446789,+1 402-293-1154,https://crashchampions.com/locations/crash-champions-bellevue,,Body work,False,way,387463378,https://www.openstreetmap.org/way/387463378
Crystal Oil,car_repair,,,,,,,42.4449,-96.4146294,,,,,False,node,6290485614,https://www.openstreetmap.org/node/6290485614
Dannull Engine Service,car_repair,"309 West 4th Avenue, Holdrege 68949",309,West 4th Avenue,Holdrege,,68949,40.4375527,-99.3842032,,,,,False,node,3825984530,https://www.openstreetmap.org/node/3825984530
Dave's Auto Body Co,car_repair,"9630 Redick Avenue, Omaha, NE 68122",9630,Redick Avenue,Omaha,NE,68122,41.3179518,-96.0640451,+1-402-671-0646,https://davesautobodyco.com/,Mo-Fr 7:30-17:30,,False,way,632693649,https://www.openstreetmap.org/way/632693649
Dawson Tire & Wheel,car_repair,,,,,,,40.9254123,-100.1585352,,,,,False,node,3864513801,https://www.openstreetmap.org/node/3864513801
Deshler Motors,car_repair,,,,,,,40.1475157,-97.7239813,,,08:00-17:00,,False,node,2525542511,https://www.openstreetmap.org/node/2525542511
Dillon's Service Center,car_repair,"6521 North 28th Street, Lincoln, NE 68504",6521,North 28th Street,Lincoln,NE,68504,40.8772393,-96.6806619,+1-402-435-1260,https://www.dillonsauto.com/,Mo-Fr 08:00-16:30,General repairs; Diagnostics; Oil change,False,way,535072156,https://www.openstreetmap.org/way/535072156
Dingmans Collision,car_repair,,,,,,,41.1541189,-96.0426186,,,,,False,node,8151883390,https://www.openstreetmap.org/node/8151883390
Discount Tire,tyres,"18520 Wright Street, Omaha, NE 68130",18520,Wright Street,Omaha,NE,68130,41.2335041,-96.2049726,+1-402-686-2036,http://stores.discounttire.com/ne/omaha/neo-05/,,,False,node,4096439264,https://www.openstreetmap.org/node/4096439264
Discount Tire,tyres,"9974 South 71st Avenue, Papillion, NE 68133",9974,South 71st Avenue,Papillion,NE,68133,41.1607047,-96.0231146,+14023319175,,,,False,node,11672121578,https://www.openstreetmap.org/node/11672121578
Discount Tire,tyres,,,,,,,40.9427513,-98.3842795,,,,,False,node,12154041253,https://www.openstreetmap.org/node/12154041253
Discount Tire,tyres,,,,,,,41.2914982,-96.1857882,,,,,False,way,937899415,https://www.openstreetmap.org/way/937899415
Discount Tire,tyres,"5610 N Street, Lincoln, NE 68510",5610,N Street,Lincoln,NE,68510,40.8129773,-96.6434851,+1-402-417-1025,https://www.discounttire.com/store/ne/lincoln/s/2356,Mo-Fr 08:00-18:00; Sa 08:00-17:00,,False,way,1481621323,https://www.openstreetmap.org/way/1481621323
DIY Garage,car_repair,2211 Harvell Plaza,2211,Harvell Plaza,,,,41.1569052,-95.9252024,+1-402-315-1080,https://www.diygarage.net/,Mo-Sa 08:00-17:30,,False,way,189992547,https://www.openstreetmap.org/way/189992547
Doc's Auto Clinic,car_repair,"3330 Superior Street, Lincoln, NE 68504",3330,Superior Street,Lincoln,NE,68504,40.8581642,-96.6702934,+1-402-464-4330,,,Body work,False,way,197624392,https://www.openstreetmap.org/way/197624392
Dorn's Service,car_repair,,,,,,,41.8296843,-103.6609516,,,,,False,node,3879273516,https://www.openstreetmap.org/node/3879273516
E's Foreign Auto Repair,car_repair,"13601 Energy Way, Waverly, NE 68462",13601,Energy Way,Waverly,NE,68462,40.9104168,-96.5354176,+1 402-853-9885,business.site,Mo-Fr 08:00-17:00,,False,node,7530452671,https://www.openstreetmap.org/node/7530452671
Ed's Auto Body,car_repair,,,,,,,41.1370695,-95.9063635,,,,,False,node,4414236603,https://www.openstreetmap.org/node/4414236603
Ed's Garage,car_repair,"195 Monroe Street, 68317",195,Monroe Street,,,68317,40.6846691,-96.5069658,,,,,False,way,200529349,https://www.openstreetmap.org/way/200529349
Ekeler Repair,car_repair,"107 North Exeter Avenue, Exeter, NE 68351",107,North Exeter Avenue,Exeter,NE,68351,40.6460125,-97.4503963,+1-402-266-2991,,Mo-Fr 08:00-17:00,General repairs,False,node,10674582382,https://www.openstreetmap.org/node/10674582382
Elkhorn Automotive,car_repair,"2009 River Road Drive, Waterloo, NE 68069",2009,River Road Drive,Waterloo,NE,68069,41.2781411,-96.2781357,,,,,False,node,6394816057,https://www.openstreetmap.org/node/6394816057
Ellis Automotive,car_repair,"360 Fir Street, 68317",360,Fir Street,,,68317,40.6800971,-96.5071287,,,,,False,way,200545770,https://www.openstreetmap.org/way/200545770
Ernie's Service,car_repair,"4000 A Street, Lincoln, NE 68510",4000,A Street,Lincoln,NE,68510,40.7992561,-96.6628776,+1-402-489-6400,,,,False,node,4253678844,https://www.openstreetmap.org/node/4253678844
Everett's Repair Inc.,car_repair,"207 East Valley Street, Valley, NE 68064",207,East Valley Street,Valley,NE,68064,41.3132395,-96.3426237,,https://www.everettsauto.com/,,,False,node,6394816058,https://www.openstreetmap.org/node/6394816058
Exclusive Repair,car_repair,"4420 Leavenworth Street, Omaha, NE 68105",4420,Leavenworth Street,Omaha,NE,68105,41.2527003,-95.9797258,+1-402-551-3015,,Mo-Fr 07:00-17:00,,False,way,806952079,https://www.openstreetmap.org/way/806952079
Exhaust Pros & Lightning Lube,car_repair,,,,,,,42.2289411,-97.0201842,,,,,False,node,3789965398,https://www.openstreetmap.org/node/3789965398
Express Truck Center,car_repair,,,,,,,40.8153671,-97.5987512,,,,,False,way,806723834,https://www.openstreetmap.org/way/806723834
F & F Tire & Service,car_repair,"661 E Avenue East, Wisner 68791",661,E Avenue East,Wisner,,68791,41.9862626,-96.9131544,+1-402-529-3538,,,,False,node,3890015050,https://www.openstreetmap.org/node/3890015050
Fine Line Autobody & Paint,car_repair,,,,,,,40.6195996,-96.6321014,,,,,False,node,12128919820,https://www.openstreetmap.org/node/12128919820
Firestone,car_repair,"3018 North 90th Street, Omaha, NE 68134",3018,North 90th Street,Omaha,NE,68134,41.2860521,-96.0532139,,,,,False,node,12805553617,https://www.openstreetmap.org/node/12805553617
Firestone,car_repair,"17636 Arbor Plaza, 68130",17636,Arbor Plaza,,,68130,41.2355118,-96.191209,,,,,False,way,180645024,https://www.openstreetmap.org/way/180645024
Firestone,car_repair,,,,,,,41.4018516,-102.3466957,,,,,False,way,533552596,https://www.openstreetmap.org/way/533552596
Firestone,car_repair,,,,,,,41.2347196,-96.1178963,,,,,False,way,603492382,https://www.openstreetmap.org/way/603492382
Firestone,car_repair,"300 North 66th Street, Lincoln, NE 68505",300,North 66th Street,Lincoln,NE,68505,40.8166611,-96.630206,+1-402-875-6478,https://local.firestonecompleteautocare.com/nebraska/lincoln/300-n-66th-st/,Mo-Sa 07:00-18:00; Su 09:00-17:00,Tires,False,way,696752835,https://www.openstreetmap.org/way/696752835
Firestone,car_repair,,,,,,,40.8121012,-96.7047134,,,,,False,way,703381335,https://www.openstreetmap.org/way/703381335
Firestone,car_repair,"11751 South 73rd Street, Papillon, NE 68046",11751,South 73rd Street,Papillon,NE,68046,41.1336304,-96.0244642,+1-402-913-3561,,,,False,way,1235146556,https://www.openstreetmap.org/way/1235146556
Firestone Auto Care,car_repair,,,,,,,41.1172827,-95.9193792,,,,,False,node,4095120151,https://www.openstreetmap.org/node/4095120151
First Class Glass and Alignment,car_repair,,,,,,,41.983914,-96.9081118,,,,,False,node,3890031645,https://www.openstreetmap.org/node/3890031645
Five Star Truck Center,car_repair,"425 Garden Street, 68317",425,Garden Street,,,68317,40.6787787,-96.5061549,,,,,False,way,200545752,https://www.openstreetmap.org/way/200545752
Ford Collision Center,car_repair,,,,,,,40.7254929,-96.6752322,,,,,False,node,4231283935,https://www.openstreetmap.org/node/4231283935
Forever Auto Clinic,car_repair,,,,,,,40.8245965,-96.6898075,+1-402-318-9794,,,,False,node,11928324755,https://www.openstreetmap.org/node/11928324755
Fremont Tire,car_repair,,,,,,,42.4667059,-96.4280793,,,,Tires,False,node,8955041898,https://www.openstreetmap.org/node/8955041898
Frontier Cooperative,car_repair,"426 Highway 6, Greenwood, NE 68366",426,Highway 6,Greenwood,NE,68366,40.9602936,-96.4430359,+1-402-381-8170,,,,False,way,478353286,https://www.openstreetmap.org/way/478353286
G.A.S. Auto,car_repair,"3160 South 36th Street, Omaha, NE 68105",3160,South 36th Street,Omaha,NE,68105,41.2296554,-95.9664014,+1 402 933 2400,,,,False,node,8732652282,https://www.openstreetmap.org/node/8732652282
Gary's Auto Repair,car_repair,,,,,,,41.8596577,-103.6562603,,,,,False,way,1238930066,https://www.openstreetmap.org/way/1238930066
Gary's Autobody Shop,car_repair,"West Main Street, Cedar Bluffs, NE 68015",,West Main Street,Cedar Bluffs,NE,68015,41.3973094,-96.613131,,,,,False,node,1316566039,https://www.openstreetmap.org/node/1316566039
Gary's Automotive,car_repair,,,,,,,40.9167226,-98.3883459,,,,,False,way,1059594169,https://www.openstreetmap.org/way/1059594169
Gene Steffy Chrysler Jeep Dodge,car_repair,,,,,,,41.4502437,-96.4648775,,,,,False,node,3814845610,https://www.openstreetmap.org/node/3814845610
Glass Doctor,car_repair,"5100 North 57th Street, Lincoln, NE 68507",5100,North 57th Street,Lincoln,NE,68507,40.8643406,-96.642397,+1-402-817-3739,https://glassdoctor.com/lincoln?cid=LSTL_MGD000191,,Glass Repair,False,node,10820396406,https://www.openstreetmap.org/node/10820396406
Glen's Auto Repair,car_repair,,,,,,,41.2239617,-96.1277487,,,,,False,node,2248645904,https://www.openstreetmap.org/node/2248645904
Glenn's CARSTAR Body Shop,car_repair,"2051 K Street, Lincoln, NE 68510",2051,K Street,Lincoln,NE,68510,40.8087986,-96.6912121,+1-402-475-8441,https://www.carstar.com/store/glenns-carstar-body-shop-lincoln-nebraska,Mo-Fr 08:00-17:00,,False,way,422770539,https://www.openstreetmap.org/way/422770539
Goodyear,car_repair,"Lexington, NE",,,Lexington,NE,,40.739126,-99.7406981,,,,,False,node,8810425945,https://www.openstreetmap.org/node/8810425945
Gothenburg Tires & Service,car_repair,,,,,,,40.9280204,-100.1645675,,,,,False,node,3864472065,https://www.openstreetmap.org/node/3864472065
Graham Tire,car_repair,"6800 O Street, Lincoln, NE 68510",6800,O Street,Lincoln,NE,68510,40.8137648,-96.6274154,+1-402-467-2555,,Mo-Su 07:00-17:30,,False,way,1134171955,https://www.openstreetmap.org/way/1134171955
Gregg Young Mitsubishi Service Center,car_repair,"6320 Telluride Drive, Lincoln, NE 68521",6320,Telluride Drive,Lincoln,NE,68521,40.8759986,-96.683095,,,,A/C; Alignment; Batteries; Brakes; General repairs; Diagnostics; Electrical; Muffler; Oil change; Tires,False,node,5203335730,https://www.openstreetmap.org/node/5203335730
Grover Diesel,car_repair,"3306 South 66th Avenue Circle, Omaha, NE 68106",3306,South 66th Avenue Circle,Omaha,NE,68106,41.2286478,-96.0156325,+1-402-391-3070,,Mo-Fr 08:00-17:00,Truck Repair,False,way,806248555,https://www.openstreetmap.org/way/806248555
Hanquist Service,car_repair,"1501 South 17th Street, Lincoln, NE 68502",1501,South 17th Street,Lincoln,NE,68502,40.7977108,-96.6969201,,,,,False,node,13653416914,https://www.openstreetmap.org/node/13653416914
Harmons Ok Tire,tyres,"1903 Harlan Street, Falls City, NE 68355",1903,Harlan Street,Falls City,NE,68355,40.063861,-95.6020008,,,,,False,node,11301126390,https://www.openstreetmap.org/node/11301126390
Hauxwell Motors,car_repair,,,,,,,40.1985787,-100.6338695,,,,,False,node,12749374639,https://www.openstreetmap.org/node/12749374639
Heartland Tire & Treads,tyres,"6223 Grover Street, Omaha, NE 68106",6223,Grover Street,Omaha,NE,68106,41.2247962,-96.008754,+1-402-393-8900,https://heartland-tire.com/,Mo-Fr 07:00-17:00; Sa 07:00-12:00,,False,way,805819178,https://www.openstreetmap.org/way/805819178
Heikes Automotive,car_repair,,,,,,,42.2331852,-97.0174725,,,,,False,node,3790043233,https://www.openstreetmap.org/node/3790043233
Hespe Auto Center,car_repair,"121 South Linden Street, Springview, NE 68778",121,South Linden Street,Springview,NE,68778,42.823651,-99.7497175,+1-402-497-3855,,,,False,way,711160573,https://www.openstreetmap.org/way/711160573
Hintz Auto Repair,car_repair,"108 East Glenmore Drive, Gretna, NE 68028",108,East Glenmore Drive,Gretna,NE,68028,41.1452126,-96.2380647,,,,,False,node,6418676360,https://www.openstreetmap.org/node/6418676360
HIS Auto Care,car_repair,,,,,,,40.7847314,-96.6245399,,,,,False,node,4245293565,https://www.openstreetmap.org/node/4245293565
Hoffart Repair,car_repair,,,,,,,42.3500729,-97.7932378,,,,,False,way,545324629,https://www.openstreetmap.org/way/545324629
Hordville Shop,car_repair,,,,,,,41.0758201,-97.8859743,,,,,False,node,1673611203,https://www.openstreetmap.org/node/1673611203
House of Mufflers & Brakes,car_repair,"13102 West Dodge Road, 68154",13102,West Dodge Road,,,68154,41.2641195,-96.1167014,,,,,False,way,178430445,https://www.openstreetmap.org/way/178430445
House of Mufflers and Brakes,car_repair,"2920 Cornhusker Highway, Lincoln, NE 68504",2920,Cornhusker Highway,Lincoln,NE,68504,40.8432098,-96.677433,+1-402-467-4359,http://www.houseofmufflers.net,Mo-Fr 08:00-17:30,Brakes; Exhausts,False,way,992029319,https://www.openstreetmap.org/way/992029319
Huber Cadillac Service,car_repair,"11102 West Dodge Road, Omaha, NE 68154",11102,West Dodge Road,Omaha,NE,68154,41.264304,-96.0893917,+1-877-229-7073,http://www.hubercadillac.net/service,,,False,node,4115540077,https://www.openstreetmap.org/node/4115540077
Huber Chevrolet Service,car_repair,"11102 West Dodge Road, Omaha, NE 68154",11102,West Dodge Road,Omaha,NE,68154,41.2649089,-96.0886259,+1-402-206-2119,https://www.hubercars.net/,,,False,node,4115541036,https://www.openstreetmap.org/node/4115541036
Huncho Tints,car_repair,"720 North Frontier Drive, Papillion, NE 68046",720,North Frontier Drive,Papillion,NE,68046,41.1643872,-96.0537311,,,,,False,node,13036865984,https://www.openstreetmap.org/node/13036865984
inMOTION Auto Care,car_repair,"131 Russwood Parkway, Lincoln, NE 68505",131,Russwood Parkway,Lincoln,NE,68505,40.8147052,-96.6086764,+1-402-802-9380,https://www.inmotionautocare.com/,Mo-Fr 07:30-17:30,,False,way,567386872,https://www.openstreetmap.org/way/567386872
Insta-Lube,car_repair,"13004 West Dodge Road, 68154",13004,West Dodge Road,,,68154,41.2637257,-96.1155636,,,,,False,way,178431373,https://www.openstreetmap.org/way/178431373
Insta-Lube,car_repair,"5802 Center Street, Omaha, NE 68106",5802,Center Street,Omaha,NE,68106,41.238084,-96.0030417,+1-402-553-6851,https://instalubeoil.com/,Tu-Fr 08:00-18:00; Sa 08:00-17:00; Su 10:00-16:00,Oil change,False,way,806248571,https://www.openstreetmap.org/way/806248571
Inter-Tech Collision Center,car_repair,"15555 Q Street, Omaha, NE 68137",15555,Q Street,Omaha,NE,68137,41.2048729,-96.1575689,,,,,False,way,616812325,https://www.openstreetmap.org/way/616812325
Inter-Tech Collision Center,car_repair,"5638 Center Street, Omaha, NE 68106",5638,Center Street,Omaha,NE,68106,41.2381551,-96.0013662,+1-402-898-8900,https://intertechcollision.com/,Mo-Fr 07:30-17:30,,False,way,806248573,https://www.openstreetmap.org/way/806248573
J & K Auto,car_repair,,,,,,,42.7507955,-98.030422,,,,,False,node,6711364784,https://www.openstreetmap.org/node/6711364784
Jack's Tire Services,tyres,"2840 South Locust Street, Grand Island, NE 68801",2840,South Locust Street,Grand Island,NE,68801,40.8936307,-98.3403501,,https://jackstireco.com/,,,False,node,8758746824,https://www.openstreetmap.org/node/8758746824
Janssen & Sons Ford,car_repair,,,,,,,40.4369791,-99.3883257,,,,,False,node,3825937886,https://www.openstreetmap.org/node/3825937886
JD's Ace Body Shop,car_repair,,,,,,,41.8596814,-103.6494877,,,,Body work,False,way,558062087,https://www.openstreetmap.org/way/558062087
Jensen Tire,car_repair,"11342 South 96th Street, Papillion, NE 68046",11342,South 96th Street,Papillion,NE,68046,41.1444943,-96.0646351,,,,,False,node,6479319631,https://www.openstreetmap.org/node/6479319631
Jensen Tire & Auto,car_repair,"1412 North 203rd Street, Elkhorn 68022",1412,North 203rd Street,Elkhorn,,68022,41.2727435,-96.2338378,,,Mo-Fr 07:00-18:00,,False,node,4061081280,https://www.openstreetmap.org/node/4061081280
Jensen Tire & Auto,car_repair,"707 North 120th Street, Omaha, NE 68154",707,North 120th Street,Omaha,NE,68154,41.2652874,-96.0998826,+1-402-496-2450,https://www.jensentireandauto.com/,,,False,node,4118311498,https://www.openstreetmap.org/node/4118311498
Jensen Tire & Auto,car_repair,"245 East Military Avenue, Fremont 68025",245,East Military Avenue,Fremont,,68025,41.435385,-96.4951709,,,,,False,node,4945022169,https://www.openstreetmap.org/node/4945022169
Jensen Tire & Auto,car_repair,"16755 Monroe Street, Omaha, NE 68135",16755,Monroe Street,Omaha,NE,68135,41.1932347,-96.1769547,,,,,False,way,181674361,https://www.openstreetmap.org/way/181674361
Jensen Tire & Auto,car_repair,,,,,,,41.2326211,-96.0437499,,,,,False,way,267237098,https://www.openstreetmap.org/way/267237098
Jensen Tire & Auto,car_repair,"2010 Harney Street, Omaha, NE 68102",2010,Harney Street,Omaha,NE,68102,41.2569,-95.9428844,+1 402 342 5076,https://jensentireandauto.com/locations/2010-harney-street/,,Tyre Change; Tyre Mounting; Tyre Rotation; Tires; Tyres Balance,False,way,466422404,https://www.openstreetmap.org/way/466422404
Jensen Tire & Auto,car_repair,"2733 North 83rd Street, Lincoln, NE 68507",2733,North 83rd Street,Lincoln,NE,68507,40.8403644,-96.6077499,+1-402-464-0006,https://jensentireandauto.com/locations/2733-north-83rd-street/,Mo-Fr 07:00-18:00,Brakes; Oil change; Tires,False,way,568632787,https://www.openstreetmap.org/way/568632787
Jensen Tire & Auto,tyres,,,,,,,41.2621891,-96.1598846,,,,,False,way,575338230,https://www.openstreetmap.org/way/575338230
Jensen Tire & Auto,car_repair,,,,,,,41.2039398,-96.1379458,,,,,False,way,602241056,https://www.openstreetmap.org/way/602241056
Jensen's Tire & Auto,car_repair,"2845 South 168th Street, 68130",2845,South 168th Street,,,68130,41.2334009,-96.175663,,,,,False,way,180653766,https://www.openstreetmap.org/way/180653766
Jiffy Lube,car_repair,"2908 Samson Way, Bellevue, NE 68123",2908,Samson Way,Bellevue,NE,68123,41.1387719,-95.9569926,+14022921241,https://www.jiffylube.com/locations/ne/bellevue/3439,,,False,node,3749366957,https://www.openstreetmap.org/node/3749366957
Jiffy Lube,car_repair,"4800 Old Cheney Road, Lincoln, NE 68516",4800,Old Cheney Road,Lincoln,NE,68516,40.7555452,-96.6534935,+1 402-875-7800,https://lincoln.jiffylube.com/locations/store/3410/4800-old-chaney-rd-lincoln-ne-68516-3139,Su 09:00-17:00; Mo-Sa 07:00-19:00,,False,node,4247868501,https://www.openstreetmap.org/node/4247868501
Jiffy Lube,car_repair,"5111 O Street, Lincoln, NE 68510",5111,O Street,Lincoln,NE,68510,40.8131329,-96.6503494,+1-402-875-7804,,Mo-Fr 08:00-18:00; Sa 07:00-17:00,General repairs,False,node,10704767716,https://www.openstreetmap.org/node/10704767716
Jiffy Lube,car_repair,"18240 Wright Street, 68130",18240,Wright Street,,,68130,41.2334246,-96.1996136,,,,,False,way,180666915,https://www.openstreetmap.org/way/180666915
Jiffy Lube,car_repair,,,,,,,41.2067067,-96.1278645,,,,,False,way,184102279,https://www.openstreetmap.org/way/184102279
Jiffy Lube,car_repair,"3250 O Street, Lincoln, NE 68510",3250,O Street,Lincoln,NE,68510,40.8137725,-96.6732016,+1-402-875-7802,https://www.jiffylube.com/,Mo-Fr 08:00-18:00; Sa 07:00-17:00,Batteries; Engine Repair; Filters; Fluid Changes; Inspection; Oil change; Tires,False,way,365875613,https://www.openstreetmap.org/way/365875613
Jiffy Lube,car_repair,,,,,,,41.246662,-96.1003324,,,,,False,way,408142178,https://www.openstreetmap.org/way/408142178
Jiffy Lube,car_repair,"2402 South 48th Street, Lincoln, NE 68506",2402,South 48th Street,Lincoln,NE,68506,40.7878864,-96.6533925,,,,,False,way,697252109,https://www.openstreetmap.org/way/697252109
jiffy lube,car_repair,"925 North Adams Street, Papillion, NE 68046",925,North Adams Street,Papillion,NE,68046,41.1711022,-96.0440086,,,,,False,way,729120617,https://www.openstreetmap.org/way/729120617
JK Automotive,car_repair,,,,,,,41.843041,-103.6634993,,,,,False,way,558040849,https://www.openstreetmap.org/way/558040849
John's Ford,car_repair,,,,,,,40.4922249,-98.9529281,,,,,False,node,3827980394,https://www.openstreetmap.org/node/3827980394
Kaiser Tire,tyres,"1115 West 3rd Street, Alliance, NE 68301",1115,West 3rd Street,Alliance,NE,68301,42.0964479,-102.886337,+1-308-762-1689,https://www.kaisertirellc.com,Mo-Fr 07:00-17:00,,False,node,10743666283,https://www.openstreetmap.org/node/10743666283
Kallhoff Auto Repair,car_repair,"6000 West Adams Street, Lincoln, NE 68524",6000,West Adams Street,Lincoln,NE,68524,40.8438904,-96.8018173,+1-402-202-8677,,Mo-Fr 07:00-16:00,General repairs,False,node,10657969301,https://www.openstreetmap.org/node/10657969301
King of Kars,car_repair,,,,,,,40.4885674,-98.952169,,,,,False,node,3827980405,https://www.openstreetmap.org/node/3827980405
Koory's Automotive,car_repair,"5052 Leavenworth Street, Omaha, NE 68106",5052,Leavenworth Street,Omaha,NE,68106,41.2526663,-95.9917407,+1-402-551-5414,https://www.carrepairomaha.com/,,,False,way,817897800,https://www.openstreetmap.org/way/817897800
Koplin Auto Care,car_repair,"2075 East 23rd Street, Fremont 68025",2075,East 23rd Street,Fremont,,68025,41.450657,-96.4696166,,,,,False,node,4953977476,https://www.openstreetmap.org/node/4953977476
Lane's Body Shop,car_repair,,,,,,,40.9252486,-100.1642282,,,,,False,node,3868383088,https://www.openstreetmap.org/node/3868383088
Lee Janssen Motor Company,car_repair,,,,,,,40.4329654,-99.3958842,,,,,False,node,3825930301,https://www.openstreetmap.org/node/3825930301
Legacy Coop Tire & Auto,car_repair,,,,,,,41.8555155,-103.6699241,,,,,False,way,1239267873,https://www.openstreetmap.org/way/1239267873
Levander Auto Body Repair,car_repair,"248 North 44th Street, Lincoln, NE 68503",248,North 44th Street,Lincoln,NE,68503,40.8149751,-96.6575989,+1-531-324-3747,,Mo-Fr 08:00-17:30,Body work,False,way,1254739742,https://www.openstreetmap.org/way/1254739742
Longacres Complete Auto Care,car_repair,"349 North Main Street, Fremont 68025",349,North Main Street,Fremont,,68025,41.4361504,-96.4962375,,,,,False,node,4945022171,https://www.openstreetmap.org/node/4945022171
Lube Express Center,car_repair,,,,,,,42.0972192,-102.8868815,,,,,False,node,3119908965,https://www.openstreetmap.org/node/3119908965
M&D Auto,car_repair,,,,,,,40.1377672,-97.1822819,,,,,False,way,474029910,https://www.openstreetmap.org/way/474029910
Mad Hatter Muffler & Brake,car_repair,"2531 South 140th Avenue, 68144",2531,South 140th Avenue,,,68144,41.2344337,-96.1350082,,,,,False,way,180773955,https://www.openstreetmap.org/way/180773955
Main Street Auto Care,car_repair,,,,,,,42.2352267,-97.0182343,,,,,False,node,3790043227,https://www.openstreetmap.org/node/3790043227
Major Muffler,car_repair,,,,,,,41.9864879,-96.9120841,,,,,False,node,3890015049,https://www.openstreetmap.org/node/3890015049
Meineke,car_repair,,,,,,,41.2012144,-96.1358571,,,,,False,node,6558953484,https://www.openstreetmap.org/node/6558953484
Meineke,car_repair,"4010 North 48th Street, Lincoln, NE 68504",4010,North 48th Street,Lincoln,NE,68504,40.8535915,-96.6525711,+1-402-410-6085,https://www.meineke.com/locations/ne/lincoln-2887/,Mo-Fr 07:30-17:30; Sa 07:30-16:00,,False,way,660675130,https://www.openstreetmap.org/way/660675130
Midas,car_repair,,,,,,,41.2044297,-96.1309275,,,,,False,way,184081723,https://www.openstreetmap.org/way/184081723
Midas,car_repair,"7030 O Street, Lincoln, NE 68510",7030,O Street,Lincoln,NE,68510,40.8137605,-96.6230516,+1-402-937-8333,https://www.midas.com/lincoln/store.aspx?shopnum=2211&dmanum=496001,Mo-We 07:30-18:00; Fr-Sa 07:30-18:00,A/C; Alignment; Brakes; Diagnostics; Muffler; Oil change; Suspension; Tires,False,way,338221870,https://www.openstreetmap.org/way/338221870
Midas Omaha,car_repair,"7557 Dodge Street, 68114",7557,Dodge Street,,,68114,41.2593347,-96.0308347,,,,,False,way,185739138,https://www.openstreetmap.org/way/185739138
Midlands Auto Repair,car_repair,"1107 Applewood Drive, Papillion, NE 68046",1107,Applewood Drive,Papillion,NE,68046,41.142519,-96.0241566,,,,,False,way,185018984,https://www.openstreetmap.org/way/185018984
Midtown Body & Paint,car_repair,"332 South Antelope Valley Parkway, Lincoln, NE 68510",332,South Antelope Valley Parkway,Lincoln,NE,68510,40.8107731,-96.6934581,+1-402-474-4818,,Mo-Fr 07:30-17:30,Body Paint; Body work; Bodywork,False,way,703436257,https://www.openstreetmap.org/way/703436257
Midwest Automotive,car_repair,"1389 Progressive Road, Seward, NE 68434",1389,Progressive Road,Seward,NE,68434,40.8855836,-97.1026373,+1-402-643-3306,,Mo-Fr 07:30-18:00; Sa 07:30-12:00,A/C; Alignment; Batteries; Brakes; Car Parts; General repairs; Electrical; Muffler; Oil change; Towing; Tires,False,node,12888880376,https://www.openstreetmap.org/node/12888880376
Mike's 66 & Towing Co,car_repair,"6000 Colfax Avenue, Lincoln, NE 68507",6000,Colfax Avenue,Lincoln,NE,68507,40.8510955,-96.6382853,+1-402-466-1438,https://mikes66towing.com/,,,False,node,4588489748,https://www.openstreetmap.org/node/4588489748
Mike's Auto Repair,car_repair,"608 West Angus Road, Gretna, NE 68028",608,West Angus Road,Gretna,NE,68028,41.139735,-96.2473276,,,,,False,node,6415419940,https://www.openstreetmap.org/node/6415419940
Mike's Care Care,car_repair,,,,,,,41.8825399,-103.6769847,,,,,False,way,558062069,https://www.openstreetmap.org/way/558062069
Miller Used Tire Warehouse,tyres,"811 West 4th Street, Grand Island, NE 68801",811,West 4th Street,Grand Island,NE,68801,40.9248507,-98.3499726,,,,,False,way,549372525,https://www.openstreetmap.org/way/549372525
Miller Used Tires,tyres,"811 West 4th Street, Grand Island, NE 68801",811,West 4th Street,Grand Island,NE,68801,40.9248807,-98.3500059,,,,,False,node,5306747595,https://www.openstreetmap.org/node/5306747595
Modern Tire Pros,tyres,"1402 South Jeffers Street, North Platte, NE 69101",1402,South Jeffers Street,North Platte,NE,69101,41.1211866,-100.7645587,+1-308-532-1213,,,,False,way,546056813,https://www.openstreetmap.org/way/546056813
Moody Motor Company,car_repair,"251 Spruce Avenue, Niobrara, NE 68760",251,Spruce Avenue,Niobrara,NE,68760,42.7512006,-98.0350118,+1-800-745-5650; +1-402-857-3711,https://www.moodymotor.com/,Mo-Fr 08:00-17:30; Sa 08:00-16:00; Su closed,,False,node,6711009638,https://www.openstreetmap.org/node/6711009638
Morrow Collision Center,car_repair,"2801 North 83rd Street, Lincoln, NE 68507",2801,North 83rd Street,Lincoln,NE,68507,40.8412506,-96.6078069,+1-402-477-2224,https://www.morrowcollision.com/,Mo-Fr 08:00-17:00; Sa 08:00-15:00,Body work,False,node,10657646081,https://www.openstreetmap.org/node/10657646081
Morrow Collision Center,car_repair,"3600 North 22nd Street, Lincoln, NE 68521",3600,North 22nd Street,Lincoln,NE,68521,40.8471152,-96.6894071,+1-402-477-2224,,Mo-Fr 08:00-17:00,Body work,False,node,10657732272,https://www.openstreetmap.org/node/10657732272
Mr Tire Car Care Center,car_repair,,,,,,,42.0975057,-102.8809914,,,,,False,node,3119908978,https://www.openstreetmap.org/node/3119908978
"Muscle Car Concepts and Restoration, LLC",car_repair,"1821 Cornhusker Highway, Lincoln, NE 68521",1821,Cornhusker Highway,Lincoln,NE,68521,40.8419683,-96.6937682,+1-402-484-0330,https://www.musclecarconcepts.com/,"Mo,We,Fr 08:00-17:00; Sa 08:00-12:00",,False,node,5860148176,https://www.openstreetmap.org/node/5860148176
N Street Express Lube,car_repair,"1646 N Street, Lincoln, NE 68508",1646,N Street,Lincoln,NE,68508,40.8128573,-96.6970279,,,,,False,way,703436301,https://www.openstreetmap.org/way/703436301
NAPA AutoCare Center,car_repair,,,,,,,41.2775509,-96.0139113,+1 402 5539459,,,,False,node,8913486224,https://www.openstreetmap.org/node/8913486224
NAPA AutoCare Center,car_repair,,,,,,,41.422199,-100.1939079,,,,,False,way,1127926969,https://www.openstreetmap.org/way/1127926969
NAPA AutoCare Center,car_repair,,,,,,,41.8606382,-103.6297574,,,,,False,way,1240480603,https://www.openstreetmap.org/way/1240480603
Nebraska Auto Glass,car_repair,"212 South Antelope Valley Parkway, Lincoln, NE 68510",212,South Antelope Valley Parkway,Lincoln,NE,68510,40.812115,-96.6934405,+1-402-474-9000,https://www.neautoglass.com/,,Glass; Glass Repair,False,way,703436246,https://www.openstreetmap.org/way/703436246
Nebraska City Tire & Auto Accessories,car_repair,"1653 South 11th Street, 68401",1653,South 11th Street,,,68401,40.6620438,-95.8585986,,,,,False,way,207821494,https://www.openstreetmap.org/way/207821494
Nebraska Land Tire and service,tyres,,,,,,,41.8549127,-103.6620102,,,,,False,way,558061985,https://www.openstreetmap.org/way/558061985
Nemnich Automotive,car_repair,"4010 10th Street, Gering, NE 69341",4010,10th Street,Gering,NE,69341,41.8499396,-103.6618807,+1-308-631-5551,https://www.nemnichautomotive.com/,Mo-Th 07:00-17:30; Fr 07:30-12:30,General repairs; Diagnostics; Motor,False,way,892816976,https://www.openstreetmap.org/way/892816976
Norm's Car Care,car_repair,"3940 A Street, Lincoln, NE 68510",3940,A Street,Lincoln,NE,68510,40.7992276,-96.663769,+1-402-483-2418,https://www.normscarcare.com/,Mo-Fr 07:00-17:00,,False,way,195854704,https://www.openstreetmap.org/way/195854704
Offutt Collision Repair,car_repair,,,,,,,41.1599022,-95.9360896,,,,,False,way,401703390,https://www.openstreetmap.org/way/401703390
Omaha Car Care,car_repair,"5815 Center Street, Omaha, NE 68106",5815,Center Street,Omaha,NE,68106,41.23759,-96.0037179,+1-402-556-6708,https://www.omahacarcare.com/,Mo-Fr 07:00-18:00,General repairs,False,way,806248570,https://www.openstreetmap.org/way/806248570
Omaha Car Care,car_repair,"8504 L Street, Omaha, NE 68127",8504,L Street,Omaha,NE,68127,41.2129834,-96.0440405,+14023395577,,Mo-Fr 07:00-18:00,A/C; Batteries; Brakes; General repairs; Diagnostics; Inspection; Motor; Oil change; Transmission; Transmission Repair,False,way,1470414324,https://www.openstreetmap.org/way/1470414324
Omaha Transmission,car_repair,,,,,,,41.2049164,-96.1364325,,,,,True,way,614597319,https://www.openstreetmap.org/way/614597319
Outlaw Autobody,car_repair,"5216 Knox Street, Lincoln, NE 68504",5216,Knox Street,Lincoln,NE,68504,40.844708,-96.6478695,+1-402-890-4026,,Mo-Sa 07:00-19:00,Body work; Mechanics; Painting,False,node,13427723432,https://www.openstreetmap.org/node/13427723432
Outlaw European Performance,car_repair,"2920 North 38th Street, Lincoln, NE 68504",2920,North 38th Street,Lincoln,NE,68504,40.8417072,-96.6663976,+1-402-314-7670,,,,False,way,1370942759,https://www.openstreetmap.org/way/1370942759
Parkway 66,car_repair,,,,,,,40.7880518,-96.6543607,,,,,False,node,4245408409,https://www.openstreetmap.org/node/4245408409
Peerless Tires,tyres,,,,,,,41.8458926,-103.6601213,,,,,False,way,803490033,https://www.openstreetmap.org/way/803490033
Penner's Tire,tyres,,,,,,,40.8700706,-97.5933826,,,,,False,way,1312298904,https://www.openstreetmap.org/way/1312298904
Personal Automotive Services,car_repair,"2404 West Lincoln Highway, Grand Island, NE 68803",2404,West Lincoln Highway,Grand Island,NE,68803,40.9171898,-98.3660773,,,,,False,way,549579199,https://www.openstreetmap.org/way/549579199
Pete's Auto Repair,car_repair,"4710 Madison Avenue, Lincoln, NE 68504",4710,Madison Avenue,Lincoln,NE,68504,40.8405936,-96.6546948,,,,,False,node,4242543328,https://www.openstreetmap.org/node/4242543328
Pete's Quick Lube,car_repair,,,,,,,41.8442591,-103.6601653,+1-308-575-0289,,,Oil change,False,way,1240800994,https://www.openstreetmap.org/way/1240800994
Pick's Repair,car_repair,"805 D Street, Gothenburg, NE 69138",805,D Street,Gothenburg,NE,69138,40.9275746,-100.1634275,+1-308-537-2170,,,,False,node,3864472061,https://www.openstreetmap.org/node/3864472061
Piedmont Auto Care,car_repair,"1316 South 50th Street, Lincoln, NE 68510",1316,South 50th Street,Lincoln,NE,68510,40.7996169,-96.6510282,,,,,False,way,195668226,https://www.openstreetmap.org/way/195668226
Pit Crew Tires and Accessories,car_repair,"3320 Cornhusker Highway, Lincoln, NE 68504",3320,Cornhusker Highway,Lincoln,NE,68504,40.8430121,-96.6723461,+1-402-325-8735,https://www.pitcrewtires.com/,Mo-Fr 08:00-17:30,,False,node,4243896855,https://www.openstreetmap.org/node/4243896855
Platte Valley Auto,car_repair,"4210 2nd Avenue, Kearney, NE 68845",4210,2nd Avenue,Kearney,NE,68845,40.7166776,-99.085276,,,,Brakes; General repairs; Diagnostics; Oil change,False,way,828285019,https://www.openstreetmap.org/way/828285019
"Pomp's Tire Service, Inc",tyres,,,,,,,41.8513808,-103.6515297,,,,,False,way,1240611661,https://www.openstreetmap.org/way/1240611661
Powell's Body Shop and Towing,car_repair,,,,,,,40.1992965,-98.067062,,,,,False,node,11084436484,https://www.openstreetmap.org/node/11084436484
Precision Collision Inc.,car_repair,"9026 Austin Avenue, 68339",9026,Austin Avenue,,,68339,40.7400742,-96.842789,,,,,False,way,199578863,https://www.openstreetmap.org/way/199578863
Premium Automotive Repair Inc.,car_repair,"353 Hwy 97, Valentine, NE 69201",353,Hwy 97,Valentine,NE,69201,42.8743583,-100.5494752,+1 402-376-1550,https://premiumautorepairinc.com,"Mo-Fr 08:00-17:30, Sa 08:00-12:00",Repair; Towing,False,node,10224867820,https://www.openstreetmap.org/node/10224867820
PST Automotive,car_repair,"West 3rd Street, 69301",,West 3rd Street,,,69301,42.09705,-102.8930613,,,,,False,node,3119908972,https://www.openstreetmap.org/node/3119908972
Quality Tire,tyres,,,,,,,42.8258561,-103.0210642,,,,,False,way,463923386,https://www.openstreetmap.org/way/463923386
Quick Lane Tire & Repair,car_repair,"2600 Wildcat Drive, Lincoln, NE 68521",2600,Wildcat Drive,Lincoln,NE,68521,40.8817182,-96.6826863,+1-402-458-9833,,Mo-Fr 07:00-18:00; Sa 07:00-13:00,Brakes; Oil change; General repairs; Tires,False,node,5187548304,https://www.openstreetmap.org/node/5187548304
Ray's Body Shop,car_repair,,,,,,,41.2059545,-95.9526197,,,,,False,way,568885065,https://www.openstreetmap.org/way/568885065
Rebuilders Auto,car_repair,"6508 Grover Street, Omaha, NE 68106",6508,Grover Street,Omaha,NE,68106,41.2273467,-96.0141188,+1-402-763-8776,https://rebuildersauto.com,Mo-Fr 10:00-19:00,,False,node,7539403246,https://www.openstreetmap.org/node/7539403246
Reliable Auto Repair,car_repair,,,,,,,41.2011662,-96.1397322,,,,,False,way,589719451,https://www.openstreetmap.org/way/589719451
Rick's Body Shop,car_repair,"165 North Walnut Street, Shelby, NE 68662",165,North Walnut Street,Shelby,NE,68662,41.1930826,-97.4262156,,,,,False,way,1330055199,https://www.openstreetmap.org/way/1330055199
Rick's Radiator & Heater Repair,car_repair,1009 Dakota Avenue,1009,Dakota Avenue,,,,42.4795853,-96.4134548,+1-402-494-1614,http://ricksradiator.com/,Mo-Fr 08:00-16:30,,False,node,2540294231,https://www.openstreetmap.org/node/2540294231
Ricks Auto,car_repair,,,,,,,42.2067647,-97.5384432,,,,,False,node,11042656862,https://www.openstreetmap.org/node/11042656862
Riverdale Auto Repair,car_repair,,,,,,,40.7836533,-99.16275,,,Mo-Sa 08:00-20:00,,False,way,544663181,https://www.openstreetmap.org/way/544663181
Riverside Motors,car_repair,"2502 West Old Lincoln Highway, Grand Island, NE 68803",2502,West Old Lincoln Highway,Grand Island,NE,68803,40.9170892,-98.3671083,,,,,False,way,549579203,https://www.openstreetmap.org/way/549579203
RNR Tire Express,tyres,"4300 North 27th Street, Lincoln, NE 68521",4300,North 27th Street,Lincoln,NE,68521,40.8561063,-96.6815314,+1-402-975-8133,https://rnrtires.com/,Mo-Fr 09:00-18:00; Sa 09:00-17:00,,False,way,672412793,https://www.openstreetmap.org/way/672412793
Rogers Auto Repair,car_repair,,,,,,,42.4994588,-97.536125,,,,,False,node,13235164704,https://www.openstreetmap.org/node/13235164704
Ron's Auto,car_repair,"136 North Jefferson Street, Papillion, NE 68046",136,North Jefferson Street,Papillion,NE,68046,41.1570556,-96.0419954,,,,,False,way,947833260,https://www.openstreetmap.org/way/947833260
Ross's Autoparts & Repais,car_repair,Madrid,,,Madrid,,,40.8504588,-101.5448276,,,,,False,way,1245099806,https://www.openstreetmap.org/way/1245099806
Route 92 Garage LLC,car_repair,"2344 County Road K, Weston, NE 68070",2344,County Road K,Weston,NE,68070,41.2054877,-96.7449089,+1-402-642-5000,,Mo-Fr 08:00-17:00; Sa 08:00-12:00,,False,node,1353065244,https://www.openstreetmap.org/node/1353065244
Russel's Automotive,car_repair,,,,,,,41.8736171,-103.6653338,,,,,False,node,3879218200,https://www.openstreetmap.org/node/3879218200
S & Sons Tire & Auto Repair,car_repair,,,,,,,41.4616145,-96.7772611,,https://www.ssonsincconstruction.com/tire-and-auto-repair,,,False,node,9943520303,https://www.openstreetmap.org/node/9943520303
Safelite AutoGlass,car_repair,,,,,,,40.7008261,-99.0838987,,,,Glass,False,way,1052435058,https://www.openstreetmap.org/way/1052435058
Safelite AutoGlass,car_repair,"1204 Broadway, Scottsbluff, NE 69361",1204,Broadway,Scottsbluff,NE,69361,41.8585741,-103.6631464,,,,Glass,False,way,1239267158,https://www.openstreetmap.org/way/1239267158
Safelite AutoGlass,car_repair,"3630 Cornhusker Highway, Lincoln, NE 68504",3630,Cornhusker Highway,Lincoln,NE,68504,40.8442926,-96.6684001,,https://www.safelite.com/stores/lincoln,Mo-Sa 08:00-17:00,Glass,False,way,1296739985,https://www.openstreetmap.org/way/1296739985
Sapp Brothers Service Center,car_repair,,,,,,,41.1606883,-96.1429533,,https://www.sappbros.net/location/omaha-ne-service-center/,,Truck Repair,False,node,12660005872,https://www.openstreetmap.org/node/12660005872
Sauder's Automotive,car_repair,,,,,,,41.1177297,-102.9587418,,,,,False,node,13004584123,https://www.openstreetmap.org/node/13004584123
Schmit Automotive Inc,car_repair,"14311 Highway 6, Waverly, NE 68462",14311,Highway 6,Waverly,NE,68462,40.9168571,-96.5265512,+1-402-786-2224,https://schmitauto.com,Mo-Fr 07:30-17:30,,False,way,198996377,https://www.openstreetmap.org/way/198996377
Scott's Automotive,car_repair,,,,,,,42.3849456,-96.9871089,,,,,False,node,13315315111,https://www.openstreetmap.org/node/13315315111
Scottsbluff Original Paintless Dent Removal,car_repair,"901 East Overland Drive, Scottsbluff, NE 69361",901,East Overland Drive,Scottsbluff,NE,69361,41.8596523,-103.6506086,+1-308-641-7245,,,Body work,False,way,1238929230,https://www.openstreetmap.org/way/1238929230
Sentry,car_repair,,,,,,,40.4375588,-99.3660526,,,,,False,node,3826026761,https://www.openstreetmap.org/node/3826026761
Shadow Lake Collision Center,car_repair,"1215 Applewood Drive, Papillon, NE 68046",1215,Applewood Drive,Papillon,NE,68046,41.1387083,-96.0252256,,,,,False,way,185018994,https://www.openstreetmap.org/way/185018994
Shelby Auto Clinic,car_repair,,,,,,,41.1917053,-97.4271171,,,,,False,way,791542022,https://www.openstreetmap.org/way/791542022
Sid Dillon Buick GMC Cadillac,car_repair,,,,,,,41.4525757,-96.4667014,,,,,False,node,3814845601,https://www.openstreetmap.org/node/3814845601
Sid Dillon Chevrolet,car_repair,,,,,,,41.4527244,-96.4648507,,,,,False,node,3814845694,https://www.openstreetmap.org/node/3814845694
Sight 'N Sound,car_repair,"427 Front Street, Beemer, NE 68716",427,Front Street,Beemer,NE,68716,41.928147,-96.8107386,+1-402-528-3230,,,,False,node,3891099028,https://www.openstreetmap.org/node/3891099028
Sinclair,car_repair,,,,,,,42.2349547,-97.0172177,,,,,False,node,3790047423,https://www.openstreetmap.org/node/3790047423
Sinclair,car_repair,,,,,,,40.9173005,-100.1661481,,,,,False,node,3861605576,https://www.openstreetmap.org/node/3861605576
Southards Auto Body Repair,car_repair,"1320 South 11th Street, 68401",1320,South 11th Street,,,68401,40.6650653,-95.8597028,,,,,False,way,207821503,https://www.openstreetmap.org/way/207821503
Spady Auto Parts,car_repair,"512 4th Avenue, Holdrege 68949",512,4th Avenue,Holdrege,,68949,40.4377977,-99.3735977,,https://www.spadysales.com/,,,False,node,3826007064,https://www.openstreetmap.org/node/3826007064
Spady Quicklube,car_repair,,,,,,,40.4376364,-99.3730693,,,,,False,node,3826007062,https://www.openstreetmap.org/node/3826007062
Spady Service,car_repair,,,,,,,40.4375568,-99.373713,,,,,False,node,3826007065,https://www.openstreetmap.org/node/3826007065
Spann Auto Machine,car_repair,,,,,,,42.2272708,-97.0174108,,,,,False,node,3789965380,https://www.openstreetmap.org/node/3789965380
SpeeDee,car_repair,"3730 Cornhusker Highway, Lincoln, NE 68504",3730,Cornhusker Highway,Lincoln,NE,68504,40.8448628,-96.6672937,+1-402-467-1233,https://www.speedeeoil.com/locations/us/ne/lincoln/3730-cornhusker-hwy,Mo-Fr 08:00-19:00; Sa 08:00-18:00; Su 10:00-16:00,A/C; Alignment; Brakes; General repairs; Diagnostics; Oil change; Tires,False,way,1298875963,https://www.openstreetmap.org/way/1298875963
Star Auto Repair,car_repair,"Park Avenue, Omaha, NE 68105",,Park Avenue,Omaha,NE,68105,41.2456691,-95.9555427,,,,,False,node,6615162547,https://www.openstreetmap.org/node/6615162547
Steve's Service,car_repair,"7901 Blondo Street, Omaha, NE 68134",7901,Blondo Street,Omaha,NE,68134,41.2774463,-96.0357539,+1-402-391-9580,,,,False,node,4094870562,https://www.openstreetmap.org/node/4094870562
Stieren Farm Repair,car_repair,,,,,,,41.9287536,-96.813166,,,,,False,node,3891110383,https://www.openstreetmap.org/node/3891110383
Superior Paint and Body,car_repair,,,,,,,40.0345724,-98.0661094,,,,,False,node,11118179343,https://www.openstreetmap.org/node/11118179343
Suspension Shop Inc.,car_repair,"6502 Grover Street, Omaha, NE 68106",6502,Grover Street,Omaha,NE,68106,41.2273456,-96.0135265,+1-402-331-0129,https://www.suspensionshopinc.com/,Mo-Fr 08:00-17:00,Truck Repair,False,node,7539403248,https://www.openstreetmap.org/node/7539403248
T & M Service,car_repair,"639 North Saddle Creek Road, 68132",639,North Saddle Creek Road,,,68132,41.265862,-95.9804382,,,,,False,way,186983186,https://www.openstreetmap.org/way/186983186
T. O. Haas,tyres,,,,,,,40.7375277,-96.6831788,,,,,False,way,697067623,https://www.openstreetmap.org/way/697067623
T.O. Haas Tire,car_repair,"2700 Folkways Boulevard, Lincoln, NE 68521",2700,Folkways Boulevard,Lincoln,NE,68521,40.8661556,-96.6809858,+1-402-227-3599,,Mo-Fr 07:30-17:30; Sa 07:30-17:00,Alignment; Brakes; General repairs; Diagnostics; Oil change; Tires,False,way,197609091,https://www.openstreetmap.org/way/197609091
T.O. Haas Tire,car_repair,"640 West O Street, Lincoln, NE 68528",640,West O Street,Lincoln,NE,68528,40.814317,-96.7291608,+1-402-576-5580,https://tohaastire.com/locations/west-o-street-in-lincoln/,Mo-Fr 07:30-17:30; Sa 07:30-17:00,Alignment; Brakes; General repairs; Diagnostics; Oil change; Tires,False,way,660566778,https://www.openstreetmap.org/way/660566778
T.O. Haas Tire,car_repair,"8300 Dawson Creek Bay, Lincoln, NE 68505",8300,Dawson Creek Bay,Lincoln,NE,68505,40.8325101,-96.6070375,+1-402-523-2927,https://tohaastire.com/locations/dawson-creek-bay/,Mo-Fr 07:30-17:30; Sa 07:30-17:00,A/C; Batteries; Brakes; General repairs; Oil change; Tires,False,way,1207910416,https://www.openstreetmap.org/way/1207910416
T.O. Haas Tire & Auto,car_repair,"1050 North 48th Street, Lincoln, NE 68504",1050,North 48th Street,Lincoln,NE,68504,40.8254094,-96.6532536,+1-402-922-8940,https://www.tohaastire.com/locations/ne/lincoln/auto-repair-1150-north-48th,Mo-Fr 07:30-17:30; Sa 07:30-17:00,A/C; Alignment; Batteries; Brakes; Engine Repair; Fluid Changes; Heater; Inspection; Oil change; Preventive Maintenance; Steering; Suspension; Tire Repair; Tire Rotation; Tires,False,way,1435786324,https://www.openstreetmap.org/way/1435786324
Take 5 Oil Change,car_repair,"1419 Papillion Drive, Papillon, NE 68046",1419,Papillion Drive,Papillon,NE,68046,41.1381964,-96.0230237,,,,Oil change,False,way,1238773081,https://www.openstreetmap.org/way/1238773081
TBO Ag Tire & Wheel,car_repair,"1105 Burlington Street, Holdrege 68949",1105,Burlington Street,Holdrege,,68949,40.4455242,-99.3800591,,,,,False,node,3826136769,https://www.openstreetmap.org/node/3826136769
Terry's Auto & Truck Repair,car_repair,,,,,,,41.1368326,-95.8919938,,,,,False,way,445344990,https://www.openstreetmap.org/way/445344990
The Auto Connection,car_repair,"2037 P Street, Lincoln, NE 68503",2037,P Street,Lincoln,NE,68503,40.8143544,-96.6914287,+1-402-477-8200,https://www.autorepairlincolnne.com/,Mo-Fr 07:30-17:30,,False,node,11170223037,https://www.openstreetmap.org/node/11170223037
The Internet Car Lot Service Center,car_repair,"1805 Leavenworth Street, Omaha, NE 68102",1805,Leavenworth Street,Omaha,NE,68102,41.2519458,-95.9400149,+1-402-204-1340,,Mo-Fr 09:00-17:00,A/C; Alignment; Batteries; Body work; Brakes; General repairs; Diagnostics; Electrical; Inspection; Motor; Muffler; Oil change; Painting; Transmission; Transmission Repair; Tires,False,way,524536892,https://www.openstreetmap.org/way/524536892
The Shop,car_repair,"404 North Eddy Street, Grand Island, NE 68801",404,North Eddy Street,Grand Island,NE,68801,40.9255179,-98.3501112,,,,,False,way,549372527,https://www.openstreetmap.org/way/549372527
Tim's Auto Services & Radiator Repair,car_repair,"1240 F Street, Lincoln, NE 68508",1240,F Street,Lincoln,NE,68508,40.8049943,-96.7030292,+1 402-477-2100,,Mo-Th 07:30-17:00; Fr 07:30-12:00,,False,way,227119509,https://www.openstreetmap.org/way/227119509
Tint Shop,car_repair,,,,,,,41.1467415,-96.1217589,,,,,False,node,5540867536,https://www.openstreetmap.org/node/5540867536
Tire Depot & Auto,car_repair,"836 South 27th Street, Lincoln, NE 68510",836,South 27th Street,Lincoln,NE,68510,40.8055197,-96.6820976,+1-531-249-5630,,,Brakes; General repairs; Oil change; Tires,False,node,13831241884,https://www.openstreetmap.org/node/13831241884
Tires Plus,tyres,,,,,,,41.1689514,-95.9245876,,,,,False,node,6254245400,https://www.openstreetmap.org/node/6254245400
Tires Plus,tyres,"7437 Pacific Street, Omaha, NE 68114",7437,Pacific Street,Omaha,NE,68114,41.2484688,-96.028217,,,,,False,node,12074278522,https://www.openstreetmap.org/node/12074278522
Tires Plus,tyres,"2610 South 144th Street, 68144",2610,South 144th Street,,,68144,41.2350136,-96.1395678,,,,,False,way,180773964,https://www.openstreetmap.org/way/180773964
Tires Plus,tyres,,,,,,,41.2950563,-96.1201971,,,,,False,way,488841287,https://www.openstreetmap.org/way/488841287
TJ's Auto Repair,car_repair,,,,,,,42.1108653,-96.7067815,,,,,False,node,6326710972,https://www.openstreetmap.org/node/6326710972
Tom's Auto and Cycle Repair,car_repair,,,,,,,42.0964947,-102.8843898,,,,,False,node,3119908982,https://www.openstreetmap.org/node/3119908982
Trop Artic Lube Center,car_repair,"7000 Vine Street, Lincoln, NE 68505",7000,Vine Street,Lincoln,NE,68505,40.8208761,-96.624499,,,,,False,way,1182609890,https://www.openstreetmap.org/way/1182609890
Trotter's Tire Pros,car_repair,"2990 South E Street, Broken Bow, NE 68822",2990,South E Street,Broken Bow,NE,68822,41.4013438,-99.6652426,,,,General repairs; Car Service; Oil change; Tires,False,way,974664827,https://www.openstreetmap.org/way/974664827
Trotters Tire Pros,tyres,"303 U Street, Ord, NE 68862",303,U Street,Ord,NE,68862,41.5938097,-98.912749,,,,,False,node,6981358702,https://www.openstreetmap.org/node/6981358702
Troy's Auto World,car_repair,"725 Grant Road, Homer, NE 68030",725,Grant Road,Homer,NE,68030,42.2982851,-96.4889095,+1-402-698-2414,,"Mo-Fr 08:00-17:00, Sa 08:00-12:00, Su closed",,False,way,679141629,https://www.openstreetmap.org/way/679141629
Truck Repair Shop,car_repair,,,,,,,41.2189556,-96.0247261,,,,,False,way,1050592189,https://www.openstreetmap.org/way/1050592189
Tuffy,car_repair,"18440 Wright Street, Omaha, NE 68130",18440,Wright Street,Omaha,NE,68130,41.2334277,-96.2029397,,,,,False,way,180666914,https://www.openstreetmap.org/way/180666914
Tuffy,car_repair,,,,,,,41.2082232,-96.1274409,,,,,False,way,608458584,https://www.openstreetmap.org/way/608458584
Tuffy,car_repair,,,,,,,41.1642354,-96.0435264,,,,,False,way,679131616,https://www.openstreetmap.org/way/679131616
Tuffy,car_repair,,,,,,,41.2909196,-96.1822564,,,,,False,way,937899410,https://www.openstreetmap.org/way/937899410
Tuffy Tire & Auto Service Center,car_repair,"1525 Pine Lake Road, Lincoln, NE 68512",1525,Pine Lake Road,Lincoln,NE,68512,40.7381717,-96.6993123,+1-402-421-1900,https://www.tuffylincoln.com,,General repairs; Oil change; Tires,False,way,209103528,https://www.openstreetmap.org/way/209103528
Valvoline,car_repair,"5321 South 108th Street, Omaha, NE",5321,South 108th Street,Omaha,NE,,41.2043201,-96.080965,+1-402-592-6550,https://store.vioc.com/ne/omaha/oil-change-ar2203.html,,,False,way,323097081,https://www.openstreetmap.org/way/323097081
Valvoline,car_repair,,,,,,,41.2936991,-96.1192211,,https://store.vioc.com/ne/omaha/oil-change-ar2202.html,,,False,way,488838669,https://www.openstreetmap.org/way/488838669
Valvoline Instant Oil Change,car_repair,"2611 Fairfield Street, Lincoln, NE 68521",2611,Fairfield Street,Lincoln,NE,68521,40.847281,-96.6833458,+1-531-510-0105,https://store.vioc.com/ne/lincoln/2611-fairfield-st,Mo-Fr 08:00-19:00; Sa 08:00-17:00; Su 09:00-16:00,Batteries; Oil change,False,node,4243886821,https://www.openstreetmap.org/node/4243886821
Valvoline Instant Oil Change,car_repair,"3500 Village Drive, Lincoln, NE 68516",3500,Village Drive,Lincoln,NE,68516,40.7546004,-96.670598,+1-402-421-8089,https://store.vioc.com/ne/lincoln/oil-change-gr0008.html,Mo-Fr 08:00-18:00; Sa 08:00-17:00; Su 10:00-16:00,Batteries; Oil change,False,node,4247868564,https://www.openstreetmap.org/node/4247868564
Valvoline Instant Oil Change,car_repair,"8500 Amber Hill Court, Lincoln, NE 68526",8500,Amber Hill Court,Lincoln,NE,68526,40.7332263,-96.6031071,+1-402-904-3626,https://store.vioc.com/ne/lincoln/oil-change-gr0009.html,Mo-Fr 08:00-18:00; Sa 08:00-17:00; Su 10:00-16:00,Batteries; Oil change,False,way,195452721,https://www.openstreetmap.org/way/195452721
Village Pointe Toyota,car_repair,"18201 Cuming Street, Omaha, NE 68022",18201,Cuming Street,Omaha,NE,68022,41.2654099,-96.2013605,+1-402-206-2295,https://www.villagepointetoyota.com/,,,False,node,7087448575,https://www.openstreetmap.org/node/7087448575
Walker Point S Tire & Service - Wahoo,tyres,"615 North Chestnut Street, Wahoo, NE 68066",615,North Chestnut Street,Wahoo,NE,68066,41.2112558,-96.6228755,+1-402-443-3309,https://pointstire.com/,Mo-Fr 07:30-17:00,,False,node,7519762034,https://www.openstreetmap.org/node/7519762034
Walker Tire & Truck,car_repair,"13942 Gold Circle, 68144",13942,Gold Circle,,,68144,41.2352173,-96.1331816,,,,,False,way,180776519,https://www.openstreetmap.org/way/180776519
Walmart Tire & Lube,car_repair,"2101 South 11th Street, 68401",2101,South 11th Street,,,68401,40.6576232,-95.8557715,,,,,False,node,2179474490,https://www.openstreetmap.org/node/2179474490
Walmart Tire & Lube,car_repair,,,,,,,40.7360279,-96.597864,,,,,False,node,4229667789,https://www.openstreetmap.org/node/4229667789
Walmart Tire & Lube,car_repair,,,,,,,41.4535338,-96.4586223,,,,,False,node,4953977455,https://www.openstreetmap.org/node/4953977455
Walmart Tire & Lube Express,car_repair,"18201 Wright Street, 68130",18201,Wright Street,,,68130,41.2312966,-96.1978002,,,,,False,node,1911212715,https://www.openstreetmap.org/node/1911212715
West Omaha Auto Service,car_repair,"2846 South 148th Avenue Circle, 68144",2846,South 148th Avenue Circle,,,68144,41.2316392,-96.1479705,,,,,False,node,1913606109,https://www.openstreetmap.org/node/1913606109
White Horse,car_repair,,,,,,,42.2338386,-97.018186,,,,,False,node,3790047419,https://www.openstreetmap.org/node/3790047419
Wilburn's Transmissions,car_repair,,,,,,,41.8621416,-103.6367059,,,,Transmission Repair,True,way,803489884,https://www.openstreetmap.org/way/803489884
Wills Paint & Body,car_repair,"300 E 1st ST, Tilden, NE 68781",300,E 1st ST,Tilden,NE,68781,42.0477957,-97.8306256,+1-402 368-2945,,24/7,Body work; Glass; Towing,False,node,9792696010,https://www.openstreetmap.org/node/9792696010
Winning Finish,car_repair,,,,,,,42.2257375,-97.0173384,,,,,False,node,3789965394,https://www.openstreetmap.org/node/3789965394
Wolfgang Auto Service,car_repair,,,,,,,40.7914021,-96.6759509,+1-402-488-0230,,,,False,node,4224622331,https://www.openstreetmap.org/node/4224622331
Woodhouse Quick Lane,car_repair,"18505 Wright Street, 68130",18505,Wright Street,,,68130,41.2321889,-96.2041282,,,,,False,way,180669018,https://www.openstreetmap.org/way/180669018
Wright's Body Shop,car_repair,"South Pine Street, Maxwell, NE 69151",,South Pine Street,Maxwell,NE,69151,41.0779577,-100.5252143,,,,,False,node,4792356459,https://www.openstreetmap.org/node/4792356459
Xtreme Dents Auto Hail Repair,car_repair,,,,,,,41.8677323,-103.6624614,,,,Body work,False,way,464284773,https://www.openstreetmap.org/way/464284773
Yecks Tire and Auto,car_repair,,,,,,,41.1621733,-95.9244538,,,,,False,node,6510356707,https://www.openstreetmap.org/node/6510356707
Zach Oil Service Center,car_repair,,,,,,,42.2269649,-97.0181672,,,,,False,node,3789936491,https://www.openstreetmap.org/node/3789936491
Zoom Auto,car_repair,,,,,,,40.4391287,-99.3589689,,,,,False,node,3826136636,https://www.openstreetmap.org/node/3826136636
,car_repair,,,,,,,41.4009732,-99.619647,,,,,False,node,2661006598,https://www.openstreetmap.org/node/2661006598
,car_repair,,,,,,,41.4014038,-99.6366737,,,,,False,node,2661006660,https://www.openstreetmap.org/node/2661006660
,car_repair,,,,,,,40.2651377,-96.7642838,,,,,False,node,2662473282,https://www.openstreetmap.org/node/2662473282
,car_repair,,,,,,,40.2662227,-96.7328389,,,,,False,node,2666520066,https://www.openstreetmap.org/node/2666520066
,car_repair,,,,,,,42.0979336,-102.8580692,,,,,False,node,3119818085,https://www.openstreetmap.org/node/3119818085
,car_repair,,,,,,,40.4827655,-95.7302497,,,,,False,node,3301980097,https://www.openstreetmap.org/node/3301980097
,car_repair,,,,,,,41.4373355,-97.319026,,,,,False,node,3806093199,https://www.openstreetmap.org/node/3806093199
,car_repair,,,,,,,41.5441256,-96.1275639,,,,,False,node,3807847092,https://www.openstreetmap.org/node/3807847092
,car_repair,,,,,,,41.5255075,-96.1447006,,,,,False,node,3807997207,https://www.openstreetmap.org/node/3807997207
,car_repair,,,,,,,41.5215354,-96.1437886,,,,,False,node,3807997220,https://www.openstreetmap.org/node/3807997220
,car_repair,,,,,,,41.5239612,-96.1445611,,,,,False,node,3807997225,https://www.openstreetmap.org/node/3807997225
,car_repair,,,,,,,41.5232263,-96.1450922,,,,,False,node,3807997235,https://www.openstreetmap.org/node/3807997235
,car_repair,,,,,,,40.9467782,-98.3820696,,,,,False,node,3816393836,https://www.openstreetmap.org/node/3816393836
,car_repair,,,,,,,40.8907588,-98.3405854,,,,,False,node,3818179099,https://www.openstreetmap.org/node/3818179099
,car_repair,,,,,,,40.9040679,-98.3387555,,,,,False,node,3818179266,https://www.openstreetmap.org/node/3818179266
,car_repair,,,,,,,40.5749273,-98.394196,,,,,False,node,3824090286,https://www.openstreetmap.org/node/3824090286
,car_repair,,,,,,,40.4383121,-99.3650093,,,,,False,node,3826026771,https://www.openstreetmap.org/node/3826026771
,car_repair,,,,,,,40.4889876,-98.9521717,,,,,False,node,3827980364,https://www.openstreetmap.org/node/3827980364
,car_repair,,,,,,,40.7005128,-99.0657302,,,,,False,node,3830150870,https://www.openstreetmap.org/node/3830150870
,car_repair,,,,,,,40.7026561,-99.0510371,,,,,False,node,3830150895,https://www.openstreetmap.org/node/3830150895
,car_repair,,,,,,,40.7011513,-99.0576139,,,,,False,node,3830150900,https://www.openstreetmap.org/node/3830150900
,car_repair,,,,,,,40.7008362,-99.0799138,,,,,False,node,3830175740,https://www.openstreetmap.org/node/3830175740
,car_repair,,,,,,,40.6890106,-99.085026,,,,,False,node,3830211657,https://www.openstreetmap.org/node/3830211657
,car_repair,,,,,,,40.6749229,-99.083803,,,,,False,node,3830211662,https://www.openstreetmap.org/node/3830211662
,car_repair,,,,,,,40.6897773,-99.0841704,,,,,False,node,3830211728,https://www.openstreetmap.org/node/3830211728
,car_repair,,,,,,,40.8516054,-99.985512,,,,,False,node,3845439271,https://www.openstreetmap.org/node/3845439271
,car_repair,,,,,,,41.0990225,-100.7621769,,,,,False,node,3860521768,https://www.openstreetmap.org/node/3860521768
,car_repair,,,,,,,41.1039319,-100.7622922,,,,,False,node,3860521777,https://www.openstreetmap.org/node/3860521777
,car_repair,,,,,,,41.1060641,-100.7627026,,,,,False,node,3860576372,https://www.openstreetmap.org/node/3860576372
,car_repair,,,,,,,40.9241344,-100.1657775,,,,,False,node,3861906971,https://www.openstreetmap.org/node/3861906971
,car_repair,,,,,,,40.9276151,-100.1640578,,,,,False,node,3864472059,https://www.openstreetmap.org/node/3864472059
,car_repair,,,,,,,40.9248655,-100.1633592,,,,,False,node,3868385306,https://www.openstreetmap.org/node/3868385306
,car_repair,,,,,,,41.9857163,-96.9122612,,,,,False,node,3890015039,https://www.openstreetmap.org/node/3890015039
,car_repair,,,,,,,41.850516,-96.7096729,,,,,False,node,3891205064,https://www.openstreetmap.org/node/3891205064
,car_repair,,,,,,,41.2886924,-96.0843542,,,,,False,node,4064838105,https://www.openstreetmap.org/node/4064838105
,car_repair,,,,,,,41.2992227,-96.0079492,,,,,False,node,4072774063,https://www.openstreetmap.org/node/4072774063
,car_repair,,,,,,,41.3238879,-95.9574901,,,,,False,node,4079421724,https://www.openstreetmap.org/node/4079421724
,car_repair,,,,,,,41.2874147,-95.9562134,,,,,False,node,4079426915,https://www.openstreetmap.org/node/4079426915
,car_repair,,,,,,,41.2926239,-96.0522391,,,,,False,node,4089561985,https://www.openstreetmap.org/node/4089561985
,car_repair,,,,,,,41.2941475,-96.0531216,,,,,False,node,4089562103,https://www.openstreetmap.org/node/4089562103
,car_repair,,,,,,,41.2788069,-96.0425869,,,,,False,node,4094831102,https://www.openstreetmap.org/node/4094831102
,car_repair,,,,,,,41.2774483,-96.0432467,,,,,False,node,4094831132,https://www.openstreetmap.org/node/4094831132
,car_repair,,,,,,,41.2786719,-96.0429517,,,,,False,node,4094831161,https://www.openstreetmap.org/node/4094831161
,car_repair,,,,,,,41.2885311,-96.0830023,,,,,False,node,4129316518,https://www.openstreetmap.org/node/4129316518
,car_repair,,,,,,,41.259895,-96.0389291,,,,,False,node,4142323683,https://www.openstreetmap.org/node/4142323683
,car_repair,,,,,,,41.2115311,-96.0291178,,,,,False,node,4152782108,https://www.openstreetmap.org/node/4152782108
,car_repair,,,,,,,40.7275703,-96.6807361,,,,,False,node,4231375860,https://www.openstreetmap.org/node/4231375860
,car_repair,"600 South Street, Lincoln, NE 68502",600,South Street,Lincoln,NE,68502,40.7919997,-96.7122438,+1-402-474-2891,https://www.hillis66.com/,,,False,node,4242257476,https://www.openstreetmap.org/node/4242257476
,car_repair,"1730 Adams Street, Lincoln, NE 68521",1730,Adams Street,Lincoln,NE,68521,40.8431813,-96.6962258,+1-402-477-7730,,,,False,node,4243896863,https://www.openstreetmap.org/node/4243896863
,car_repair,,,,,,,40.7865876,-96.6532476,,,,,False,node,4245408416,https://www.openstreetmap.org/node/4245408416
,car_repair,,,,,,,40.7701623,-96.6546128,,,,,False,node,4247729872,https://www.openstreetmap.org/node/4247729872
,car_repair,,,,,,,40.736834,-96.6814542,,,,,False,node,4262158113,https://www.openstreetmap.org/node/4262158113
,car_repair,,,,,,,40.7358117,-96.6847243,,,,,False,node,4262158146,https://www.openstreetmap.org/node/4262158146
,car_repair,,,,,,,40.7293139,-96.68084,,,,,False,node,4262158192,https://www.openstreetmap.org/node/4262158192
,car_repair,,,,,,,40.7362664,-96.6844833,,,,,False,node,4262158218,https://www.openstreetmap.org/node/4262158218
,car_repair,,,,,,,40.749476,-96.6362375,,,,,False,node,4262215079,https://www.openstreetmap.org/node/4262215079
,car_repair,,,,,,,41.4438401,-96.4830956,,,,,False,node,4945104088,https://www.openstreetmap.org/node/4945104088
,car_repair,"Telluride Drive, Lincoln, NE 68521",,Telluride Drive,Lincoln,NE,68521,40.8782455,-96.684923,,,,,False,node,5203375386,https://www.openstreetmap.org/node/5203375386
,car_repair,,,,,,,41.2160817,-96.6224628,,,,,False,node,5220961463,https://www.openstreetmap.org/node/5220961463
,car_repair,,,,,,,41.2162623,-96.622644,,,,,False,node,5220961483,https://www.openstreetmap.org/node/5220961483
,car_repair,,,,,,,42.2574604,-96.4787122,,,,,False,node,6351506627,https://www.openstreetmap.org/node/6351506627
,car_repair,,,,,,,42.7508461,-98.0296839,,,,,False,node,6711009625,https://www.openstreetmap.org/node/6711009625
,car_repair,,,,,,,42.7508206,-98.0335337,,,,,False,node,6711325718,https://www.openstreetmap.org/node/6711325718
,car_repair,"York, NE",,,York,NE,,40.8582339,-97.5933332,,,,,False,node,6821427634,https://www.openstreetmap.org/node/6821427634
,car_repair,"South Lincoln Avenue, York, NE",,South Lincoln Avenue,York,NE,,40.8394157,-97.5969569,,,,,False,node,6821478874,https://www.openstreetmap.org/node/6821478874
,car_repair,,,,,,,41.1348856,-95.9064972,,,,,False,node,10032532756,https://www.openstreetmap.org/node/10032532756
,car_repair,,,,,,,40.144092,-97.868982,,,,,False,node,11226003917,https://www.openstreetmap.org/node/11226003917
,car_repair,,,,,,,41.1139329,-101.7116082,,,,Truck Repair,False,node,13015144710,https://www.openstreetmap.org/node/13015144710
,car_repair,,,,,,,40.7998373,-98.4964576,,,,Truck Repair,False,node,13015181870,https://www.openstreetmap.org/node/13015181870
,car_repair,,,,,,,42.3781671,-97.3567516,,,,,False,node,13191394442,https://www.openstreetmap.org/node/13191394442
,tyres,,,,,,,41.1017547,-100.7279477,,,,,False,node,13443771151,https://www.openstreetmap.org/node/13443771151
,car_repair,,,,,,,41.1635134,-95.9244849,,,,,False,way,189973221,https://www.openstreetmap.org/way/189973221
,car_repair,,,,,,,41.1438141,-95.9131729,,,,,False,way,189992524,https://www.openstreetmap.org/way/189992524
,car_repair,"1420 South 118th Street, 68520",1420,South 118th Street,,,68520,40.7983819,-96.5615308,,,,,False,way,200860014,https://www.openstreetmap.org/way/200860014
,car_repair,,,,,,,41.0598334,-96.6422608,,,,,False,way,220413398,https://www.openstreetmap.org/way/220413398
,car_repair,"410 North Broadwell Avenue, Grand Island, NE 68801",410,North Broadwell Avenue,Grand Island,NE,68801,40.9216332,-98.3592955,,,,,False,way,549375762,https://www.openstreetmap.org/way/549375762
,car_repair,"2403 West Old Lincoln Highway, Grand Island, NE 68803",2403,West Old Lincoln Highway,Grand Island,NE,68803,40.9166374,-98.3661405,,,,,False,way,549579201,https://www.openstreetmap.org/way/549579201
,car_repair,,,,,,,41.3111424,-96.0518219,,,,,False,way,553339441,https://www.openstreetmap.org/way/553339441
,car_repair,,,,,,,42.0001568,-97.601645,,,,,False,way,568579713,https://www.openstreetmap.org/way/568579713
,car_repair,,,,,,,41.9997901,-97.5984109,,,,,False,way,568766805,https://www.openstreetmap.org/way/568766805
,car_repair,"1335 South 27th Street, Lincoln, NE 68502",1335,South 27th Street,Lincoln,NE,68502,40.7993481,-96.6827453,,,,,False,way,593960458,https://www.openstreetmap.org/way/593960458
,car_repair,,,,,,,41.1897855,-96.1380669,,,,,False,way,607761918,https://www.openstreetmap.org/way/607761918
,car_repair,,,,,,,41.2333954,-96.1645447,,,,,False,way,746030646,https://www.openstreetmap.org/way/746030646
,car_repair,,,,,,,41.2333323,-96.1647136,,,,,False,way,746030647,https://www.openstreetmap.org/way/746030647
,car_repair,"15949 West Center Road, Omaha, NE 68130",15949,West Center Road,Omaha,NE,68130,41.2333323,-96.1644046,,,,,False,way,746030648,https://www.openstreetmap.org/way/746030648
,car_repair,"North 73rd Plaza, Omaha, NE 68122",,North 73rd Plaza,Omaha,NE,68122,41.3192416,-96.0247719,,,,,False,way,803121013,https://www.openstreetmap.org/way/803121013
,car_repair,"3307 South 67th Street, Omaha, NE 68106",3307,South 67th Street,Omaha,NE,68106,41.2285813,-96.0162973,+1-402-397-9710,,,Detailing,False,way,806248553,https://www.openstreetmap.org/way/806248553
,car_repair,,,,,,,41.2459638,-96.100171,,,,,False,way,903619677,https://www.openstreetmap.org/way/903619677
,car_repair,"1443 Cornhusker Highway, Lincoln, NE 68521",1443,Cornhusker Highway,Lincoln,NE,68521,40.8395273,-96.7002786,,,,,False,way,992056979,https://www.openstreetmap.org/way/992056979
,car_repair,,,,,,,41.4023669,-99.630581,,,,,False,way,1090218136,https://www.openstreetmap.org/way/1090218136
,car_repair,,,,,,,41.421504,-100.1950932,,,,,False,way,1127926965,https://www.openstreetmap.org/way/1127926965
,tyres,,,,,,,40.9409191,-98.384191,,,,,False,way,1293762566,https://www.openstreetmap.org/way/1293762566
,car_repair,,,,,,,40.8704017,-97.5933566,,,,,False,way,1312298902,https://www.openstreetmap.org/way/1312298902
,car_repair,,,,,,,40.8702406,-97.5933664,,,,,False,way,1312298903,https://www.openstreetmap.org/way/1312298903
,tyres,,,,,,,40.8436459,-101.725713,,,,,False,way,1393409759,https://www.openstreetmap.org/way/1393409759
,car_repair,,,,,,,41.8538153,-98.0844146,,,,,False,way,1530941279,https://www.openstreetmap.org/way/1530941279
